{
    "final_mus": [
        [
            4.901371254443879,
            2.262772981208735,
            8.137531742001007,
            8.039817166074142,
            6.163331640426611
        ],
        [
            3.2727272727272725,
            6.181818181818179,
            8.727272727272718,
            9.090909090909081,
            7.818181818181815
        ]
    ],
    "final_scales": [
        [
            49.82756061415606,
            50.94630899324194,
            48.29065033159114,
            46.18687487504168,
            48.16029969736853
        ],
        [
            50.59662493259891,
            50.4306101646523,
            48.68392518896568,
            44.95728430376529,
            46.51422039019407
        ]
    ],
    "class_conditionals": {
        "mean": [
            [
                4.901371254443879,
                2.262772981208735,
                8.137531742001007,
                8.039817166074142,
                6.163331640426611
            ],
            [
                3.2727272727272725,
                6.181818181818179,
                8.727272727272718,
                9.090909090909081,
                7.818181818181815
            ]
        ],
        "covariance_matrix": [
            [
                [
                    1.0,
                    0.0,
                    0.0,
                    0.0,
                    0.0
                ],
                [
                    0.0,
                    1.0,
                    0.0,
                    0.0,
                    0.0
                ],
                [
                    0.0,
                    0.0,
                    1.0,
                    0.0,
                    0.0
                ],
                [
                    0.0,
                    0.0,
                    0.0,
                    1.0,
                    0.0
                ],
                [
                    0.0,
                    0.0,
                    0.0,
                    0.0,
                    1.0
                ]
            ],
            [
                [
                    1.0,
                    0.0,
                    0.0,
                    0.0,
                    0.0
                ],
                [
                    0.0,
                    1.0,
                    0.0,
                    0.0,
                    0.0
                ],
                [
                    0.0,
                    0.0,
                    1.0,
                    0.0,
                    0.0
                ],
                [
                    0.0,
                    0.0,
                    0.0,
                    1.0,
                    0.0
                ],
                [
                    0.0,
                    0.0,
                    0.0,
                    0.0,
                    1.0
                ]
            ]
        ],
        "class_labels": [
            "Class 0",
            "Class 1"
        ]
    }
}